{
  "title": "贝用金",
  "byj.css": "https://credit-service.dev.bkjk.com/admin/static/css/byj.a569b026.css",
  "byj.js": "https://credit-service.dev.bkjk.com/admin/static/js/byj.4bcb57ea.js",
  "byj.js.map": "https://credit-service.dev.bkjk.com/admin/static/js/byj.4bcb57ea.js.map",
  "index.html": "https://credit-service.dev.bkjk.com/admin/index.html",
  "precache-manifest.17e777c8d7d0d07e4a2b9b1c008398cc.js": "https://credit-service.dev.bkjk.com/admin/precache-manifest.17e777c8d7d0d07e4a2b9b1c008398cc.js",
  "service-worker.js": "https://credit-service.dev.bkjk.com/admin/service-worker.js",
  "static/css/byj.a569b026.css.map": "https://credit-service.dev.bkjk.com/admin/static/css/byj.a569b026.css.map"
}