{
  "title": "贝用金",
  "byj.css": "https://credit-service.dev.bkjk.com/admin/static/css/byj.a569b026.css",
  "byj.js": "https://credit-service.dev.bkjk.com/admin/static/js/byj.7db834f2.js",
  "byj.js.map": "https://credit-service.dev.bkjk.com/admin/static/js/byj.7db834f2.js.map",
  "index.html": "https://credit-service.dev.bkjk.com/admin/index.html",
  "precache-manifest.76928b504216ff3f787a2bdde10f07dd.js": "https://credit-service.dev.bkjk.com/admin/precache-manifest.76928b504216ff3f787a2bdde10f07dd.js",
  "service-worker.js": "https://credit-service.dev.bkjk.com/admin/service-worker.js",
  "static/css/byj.a569b026.css.map": "https://credit-service.dev.bkjk.com/admin/static/css/byj.a569b026.css.map"
}