{
  "title": "贝用金",
  "byj.css": "https://credit-service.dev.bkjk.com/admin/static/css/byj.78a461dc.css",
  "byj.js": "https://credit-service.dev.bkjk.com/admin/static/js/byj.65fe662b.js",
  "byj.js.map": "https://credit-service.dev.bkjk.com/admin/static/js/byj.65fe662b.js.map",
  "index.html": "https://credit-service.dev.bkjk.com/admin/index.html",
  "precache-manifest.b4ad3dc44eceaaa8d48a52df76402db8.js": "https://credit-service.dev.bkjk.com/admin/precache-manifest.b4ad3dc44eceaaa8d48a52df76402db8.js",
  "service-worker.js": "https://credit-service.dev.bkjk.com/admin/service-worker.js",
  "static/css/byj.78a461dc.css.map": "https://credit-service.dev.bkjk.com/admin/static/css/byj.78a461dc.css.map"
}