{
  "title": "贝用金",
  "byj.css": "https://credit-service.dev.bkjk.com/admin/static/css/byj.850b58b9.css",
  "byj.js": "https://credit-service.dev.bkjk.com/admin/static/js/byj.34e5cb65.js",
  "byj.js.map": "https://credit-service.dev.bkjk.com/admin/static/js/byj.34e5cb65.js.map",
  "index.html": "https://credit-service.dev.bkjk.com/admin/index.html",
  "precache-manifest.ee377cca3ca82f22da53079a2319c0c7.js": "https://credit-service.dev.bkjk.com/admin/precache-manifest.ee377cca3ca82f22da53079a2319c0c7.js",
  "service-worker.js": "https://credit-service.dev.bkjk.com/admin/service-worker.js",
  "static/css/byj.850b58b9.css.map": "https://credit-service.dev.bkjk.com/admin/static/css/byj.850b58b9.css.map"
}