{
  "title": "贝用金",
  "byj.css": "https://credit-service.dev.bkjk.com/admin/static/css/byj.a569b026.css",
  "byj.js": "https://credit-service.dev.bkjk.com/admin/static/js/byj.c16cc2d0.js",
  "byj.js.map": "https://credit-service.dev.bkjk.com/admin/static/js/byj.c16cc2d0.js.map",
  "index.html": "https://credit-service.dev.bkjk.com/admin/index.html",
  "precache-manifest.ab3f96285753e256bbab11efb7f24c1e.js": "https://credit-service.dev.bkjk.com/admin/precache-manifest.ab3f96285753e256bbab11efb7f24c1e.js",
  "service-worker.js": "https://credit-service.dev.bkjk.com/admin/service-worker.js",
  "static/css/byj.a569b026.css.map": "https://credit-service.dev.bkjk.com/admin/static/css/byj.a569b026.css.map"
}