{
  "title": "贝用金",
  "byj.css": "https://credit-service.dev.bkjk.com/admin/static/css/byj.48c6a51a.css",
  "byj.js": "https://credit-service.dev.bkjk.com/admin/static/js/byj.b097941e.js",
  "byj.js.map": "https://credit-service.dev.bkjk.com/admin/static/js/byj.b097941e.js.map",
  "index.html": "https://credit-service.dev.bkjk.com/admin/index.html",
  "precache-manifest.0397137023dfc175f54096e944cc6130.js": "https://credit-service.dev.bkjk.com/admin/precache-manifest.0397137023dfc175f54096e944cc6130.js",
  "service-worker.js": "https://credit-service.dev.bkjk.com/admin/service-worker.js",
  "static/css/byj.48c6a51a.css.map": "https://credit-service.dev.bkjk.com/admin/static/css/byj.48c6a51a.css.map"
}