{
  "title": "贝用金",
  "byj.css": "https://credit-service.dev.bkjk.com/admin/static/css/byj.1fe915ef.css",
  "byj.js": "https://credit-service.dev.bkjk.com/admin/static/js/byj.8849ba25.js",
  "byj.js.map": "https://credit-service.dev.bkjk.com/admin/static/js/byj.8849ba25.js.map",
  "index.html": "https://credit-service.dev.bkjk.com/admin/index.html",
  "precache-manifest.46a06b23c479e37f442061c462a4e3c2.js": "https://credit-service.dev.bkjk.com/admin/precache-manifest.46a06b23c479e37f442061c462a4e3c2.js",
  "service-worker.js": "https://credit-service.dev.bkjk.com/admin/service-worker.js",
  "static/css/byj.1fe915ef.css.map": "https://credit-service.dev.bkjk.com/admin/static/css/byj.1fe915ef.css.map"
}