{
  "title": "byj",
  "byj.css": "http://credit-service.test.bkjk.com/admin/static/css/byj.42a34f5d.css",
  "byj.js": "http://credit-service.test.bkjk.com/admin/static/js/byj.e52a5e31.js",
  "byj.js.map": "http://credit-service.test.bkjk.com/admin/static/js/byj.e52a5e31.js.map",
  "index.html": "http://credit-service.test.bkjk.com/admin/index.html",
  "precache-manifest.a6402c6b32d05f0d2805af253f0b88d7.js": "http://credit-service.test.bkjk.com/admin/precache-manifest.a6402c6b32d05f0d2805af253f0b88d7.js",
  "service-worker.js": "http://credit-service.test.bkjk.com/admin/service-worker.js",
  "static/css/byj.42a34f5d.css.map": "http://credit-service.test.bkjk.com/admin/static/css/byj.42a34f5d.css.map"
}