{
  "title": "贝用金",
  "byj.css": "https://credit-service.dev.bkjk.com/admin/static/css/byj.a569b026.css",
  "byj.js": "https://credit-service.dev.bkjk.com/admin/static/js/byj.fee4e3f4.js",
  "byj.js.map": "https://credit-service.dev.bkjk.com/admin/static/js/byj.fee4e3f4.js.map",
  "index.html": "https://credit-service.dev.bkjk.com/admin/index.html",
  "precache-manifest.e63640a17d34059c34d0aab0d2e95a4e.js": "https://credit-service.dev.bkjk.com/admin/precache-manifest.e63640a17d34059c34d0aab0d2e95a4e.js",
  "service-worker.js": "https://credit-service.dev.bkjk.com/admin/service-worker.js",
  "static/css/byj.a569b026.css.map": "https://credit-service.dev.bkjk.com/admin/static/css/byj.a569b026.css.map"
}