{
  "title": "贝用金",
  "byj.css": "https://credit-service.dev.bkjk.com/admin/static/css/byj.a569b026.css",
  "byj.js": "https://credit-service.dev.bkjk.com/admin/static/js/byj.84b71729.js",
  "byj.js.map": "https://credit-service.dev.bkjk.com/admin/static/js/byj.84b71729.js.map",
  "index.html": "https://credit-service.dev.bkjk.com/admin/index.html",
  "precache-manifest.e267a67b659da2c76375a65ad289e263.js": "https://credit-service.dev.bkjk.com/admin/precache-manifest.e267a67b659da2c76375a65ad289e263.js",
  "service-worker.js": "https://credit-service.dev.bkjk.com/admin/service-worker.js",
  "static/css/byj.a569b026.css.map": "https://credit-service.dev.bkjk.com/admin/static/css/byj.a569b026.css.map"
}