{
  "title": "贝用金",
  "byj.css": "https://credit-service.dev.bkjk.com/admin/static/css/byj.1fe915ef.css",
  "byj.js": "https://credit-service.dev.bkjk.com/admin/static/js/byj.c55e3f33.js",
  "byj.js.map": "https://credit-service.dev.bkjk.com/admin/static/js/byj.c55e3f33.js.map",
  "index.html": "https://credit-service.dev.bkjk.com/admin/index.html",
  "precache-manifest.ea7106d2aed5bffe0a8c443dea1bce06.js": "https://credit-service.dev.bkjk.com/admin/precache-manifest.ea7106d2aed5bffe0a8c443dea1bce06.js",
  "service-worker.js": "https://credit-service.dev.bkjk.com/admin/service-worker.js",
  "static/css/byj.1fe915ef.css.map": "https://credit-service.dev.bkjk.com/admin/static/css/byj.1fe915ef.css.map"
}