{
  "title": "贝用金",
  "byj.css": "https://credit-service.dev.bkjk.com/admin/static/css/byj.48c6a51a.css",
  "byj.js": "https://credit-service.dev.bkjk.com/admin/static/js/byj.460cca34.js",
  "byj.js.map": "https://credit-service.dev.bkjk.com/admin/static/js/byj.460cca34.js.map",
  "index.html": "https://credit-service.dev.bkjk.com/admin/index.html",
  "precache-manifest.607819d7685c26afffd2ff56f46c32c2.js": "https://credit-service.dev.bkjk.com/admin/precache-manifest.607819d7685c26afffd2ff56f46c32c2.js",
  "service-worker.js": "https://credit-service.dev.bkjk.com/admin/service-worker.js",
  "static/css/byj.48c6a51a.css.map": "https://credit-service.dev.bkjk.com/admin/static/css/byj.48c6a51a.css.map"
}