{
  "title": "贝用金",
  "byj.css": "https://credit-service.dev.bkjk.com/admin/static/css/byj.42a34f5d.css",
  "byj.js": "https://credit-service.dev.bkjk.com/admin/static/js/byj.45c4f5c8.js",
  "byj.js.map": "https://credit-service.dev.bkjk.com/admin/static/js/byj.45c4f5c8.js.map",
  "index.html": "https://credit-service.dev.bkjk.com/admin/index.html",
  "precache-manifest.bf97ed6760569c615b5d6fe14ff4efd7.js": "https://credit-service.dev.bkjk.com/admin/precache-manifest.bf97ed6760569c615b5d6fe14ff4efd7.js",
  "service-worker.js": "https://credit-service.dev.bkjk.com/admin/service-worker.js",
  "static/css/byj.42a34f5d.css.map": "https://credit-service.dev.bkjk.com/admin/static/css/byj.42a34f5d.css.map"
}