{
  "title": "贝用金",
  "byj.css": "https://credit-service.dev.bkjk.com/admin/static/css/byj.1fe915ef.css",
  "byj.js": "https://credit-service.dev.bkjk.com/admin/static/js/byj.371cf3f6.js",
  "byj.js.map": "https://credit-service.dev.bkjk.com/admin/static/js/byj.371cf3f6.js.map",
  "index.html": "https://credit-service.dev.bkjk.com/admin/index.html",
  "precache-manifest.394618b1875cba719c003f090d9c61e9.js": "https://credit-service.dev.bkjk.com/admin/precache-manifest.394618b1875cba719c003f090d9c61e9.js",
  "service-worker.js": "https://credit-service.dev.bkjk.com/admin/service-worker.js",
  "static/css/byj.1fe915ef.css.map": "https://credit-service.dev.bkjk.com/admin/static/css/byj.1fe915ef.css.map"
}