{
  "title": "贝用金",
  "byj.css": "https://credit-service.dev.bkjk.com/admin/static/css/byj.a569b026.css",
  "byj.js": "https://credit-service.dev.bkjk.com/admin/static/js/byj.eff7dd69.js",
  "byj.js.map": "https://credit-service.dev.bkjk.com/admin/static/js/byj.eff7dd69.js.map",
  "index.html": "https://credit-service.dev.bkjk.com/admin/index.html",
  "precache-manifest.d8dd3c20c0d5a49012b64aa2ca68befe.js": "https://credit-service.dev.bkjk.com/admin/precache-manifest.d8dd3c20c0d5a49012b64aa2ca68befe.js",
  "service-worker.js": "https://credit-service.dev.bkjk.com/admin/service-worker.js",
  "static/css/byj.a569b026.css.map": "https://credit-service.dev.bkjk.com/admin/static/css/byj.a569b026.css.map"
}