{
  "title": "贝用金",
  "byj.css": "https://credit-service.test.bkjk.com/admin/static/css/byj.48c6a51a.css",
  "byj.js": "https://credit-service.test.bkjk.com/admin/static/js/byj.7a9f0778.js",
  "byj.js.map": "https://credit-service.test.bkjk.com/admin/static/js/byj.7a9f0778.js.map",
  "index.html": "https://credit-service.test.bkjk.com/admin/index.html",
  "precache-manifest.2f6158a9411bbf0ebeafc0808f3b6f5e.js": "https://credit-service.test.bkjk.com/admin/precache-manifest.2f6158a9411bbf0ebeafc0808f3b6f5e.js",
  "service-worker.js": "https://credit-service.test.bkjk.com/admin/service-worker.js",
  "static/css/byj.48c6a51a.css.map": "https://credit-service.test.bkjk.com/admin/static/css/byj.48c6a51a.css.map"
}