{
  "title": "贝用金",
  "byj.css": "https://credit-service.dev.bkjk.com/admin/static/css/byj.eeccc4a9.css",
  "byj.js": "https://credit-service.dev.bkjk.com/admin/static/js/byj.e00a043c.js",
  "byj.js.map": "https://credit-service.dev.bkjk.com/admin/static/js/byj.e00a043c.js.map",
  "index.html": "https://credit-service.dev.bkjk.com/admin/index.html",
  "precache-manifest.343e0fe87b8ae52f95e68674b104e925.js": "https://credit-service.dev.bkjk.com/admin/precache-manifest.343e0fe87b8ae52f95e68674b104e925.js",
  "service-worker.js": "https://credit-service.dev.bkjk.com/admin/service-worker.js",
  "static/css/byj.eeccc4a9.css.map": "https://credit-service.dev.bkjk.com/admin/static/css/byj.eeccc4a9.css.map"
}