{
  "title": "贝用金",
  "byj.css": "http://credit-service.dev.bkjk.com/admin/static/css/byj.42a34f5d.css",
  "byj.js": "http://credit-service.dev.bkjk.com/admin/static/js/byj.ed54de71.js",
  "byj.js.map": "http://credit-service.dev.bkjk.com/admin/static/js/byj.ed54de71.js.map",
  "index.html": "http://credit-service.dev.bkjk.com/admin/index.html",
  "precache-manifest.fdff582c2c50a083df163223e53e0121.js": "http://credit-service.dev.bkjk.com/admin/precache-manifest.fdff582c2c50a083df163223e53e0121.js",
  "service-worker.js": "http://credit-service.dev.bkjk.com/admin/service-worker.js",
  "static/css/byj.42a34f5d.css.map": "http://credit-service.dev.bkjk.com/admin/static/css/byj.42a34f5d.css.map"
}