{
  "title": "贝用金",
  "byj.css": "https://credit-service.dev.bkjk.com/admin/static/css/byj.f1753894.css",
  "byj.js": "https://credit-service.dev.bkjk.com/admin/static/js/byj.b0ed0760.js",
  "byj.js.map": "https://credit-service.dev.bkjk.com/admin/static/js/byj.b0ed0760.js.map",
  "index.html": "https://credit-service.dev.bkjk.com/admin/index.html",
  "precache-manifest.c8ca99105c2cd5df6973bc544d6a064f.js": "https://credit-service.dev.bkjk.com/admin/precache-manifest.c8ca99105c2cd5df6973bc544d6a064f.js",
  "service-worker.js": "https://credit-service.dev.bkjk.com/admin/service-worker.js",
  "static/css/byj.f1753894.css.map": "https://credit-service.dev.bkjk.com/admin/static/css/byj.f1753894.css.map"
}