{
  "title": "贝用金",
  "byj.css": "https://credit-service.dev.bkjk.com/admin/static/css/byj.1fe915ef.css",
  "byj.js": "https://credit-service.dev.bkjk.com/admin/static/js/byj.7c7b2733.js",
  "byj.js.map": "https://credit-service.dev.bkjk.com/admin/static/js/byj.7c7b2733.js.map",
  "index.html": "https://credit-service.dev.bkjk.com/admin/index.html",
  "precache-manifest.933381c727aea4e9af59ea6bd2aa7a0f.js": "https://credit-service.dev.bkjk.com/admin/precache-manifest.933381c727aea4e9af59ea6bd2aa7a0f.js",
  "service-worker.js": "https://credit-service.dev.bkjk.com/admin/service-worker.js",
  "static/css/byj.1fe915ef.css.map": "https://credit-service.dev.bkjk.com/admin/static/css/byj.1fe915ef.css.map"
}