{
  "title": "贝用金",
  "byj.css": "https://credit-service.dev.bkjk.com/admin/static/css/byj.21868bc8.css",
  "byj.js": "https://credit-service.dev.bkjk.com/admin/static/js/byj.b34ffc4b.js",
  "byj.js.map": "https://credit-service.dev.bkjk.com/admin/static/js/byj.b34ffc4b.js.map",
  "index.html": "https://credit-service.dev.bkjk.com/admin/index.html",
  "precache-manifest.9c73cc91b959511d422ad8f22d81ac86.js": "https://credit-service.dev.bkjk.com/admin/precache-manifest.9c73cc91b959511d422ad8f22d81ac86.js",
  "service-worker.js": "https://credit-service.dev.bkjk.com/admin/service-worker.js",
  "static/css/byj.21868bc8.css.map": "https://credit-service.dev.bkjk.com/admin/static/css/byj.21868bc8.css.map"
}