{
  "title": "贝用金",
  "byj.css": "https://credit-service.dev.bkjk.com/admin/static/css/byj.eeccc4a9.css",
  "byj.js": "https://credit-service.dev.bkjk.com/admin/static/js/byj.a8e7aa64.js",
  "byj.js.map": "https://credit-service.dev.bkjk.com/admin/static/js/byj.a8e7aa64.js.map",
  "index.html": "https://credit-service.dev.bkjk.com/admin/index.html",
  "precache-manifest.efd6110096d5297d3df61ff56e242934.js": "https://credit-service.dev.bkjk.com/admin/precache-manifest.efd6110096d5297d3df61ff56e242934.js",
  "service-worker.js": "https://credit-service.dev.bkjk.com/admin/service-worker.js",
  "static/css/byj.eeccc4a9.css.map": "https://credit-service.dev.bkjk.com/admin/static/css/byj.eeccc4a9.css.map"
}