{
  "title": "贝用金",
  "byj.css": "https://credit-service.dev.bkjk.com/admin/static/css/byj.42a34f5d.css",
  "byj.js": "https://credit-service.dev.bkjk.com/admin/static/js/byj.58123dce.js",
  "byj.js.map": "https://credit-service.dev.bkjk.com/admin/static/js/byj.58123dce.js.map",
  "index.html": "https://credit-service.dev.bkjk.com/admin/index.html",
  "precache-manifest.e870ee1d6bb3eb4dad35e04f9fe8d275.js": "https://credit-service.dev.bkjk.com/admin/precache-manifest.e870ee1d6bb3eb4dad35e04f9fe8d275.js",
  "service-worker.js": "https://credit-service.dev.bkjk.com/admin/service-worker.js",
  "static/css/byj.42a34f5d.css.map": "https://credit-service.dev.bkjk.com/admin/static/css/byj.42a34f5d.css.map"
}