{
  "title": "贝用金",
  "byj.css": "https://credit-service.dev.bkjk.com/admin/static/css/byj.a569b026.css",
  "byj.js": "https://credit-service.dev.bkjk.com/admin/static/js/byj.13483c7a.js",
  "byj.js.map": "https://credit-service.dev.bkjk.com/admin/static/js/byj.13483c7a.js.map",
  "index.html": "https://credit-service.dev.bkjk.com/admin/index.html",
  "precache-manifest.51835e810a61f7834773abd330b21ca6.js": "https://credit-service.dev.bkjk.com/admin/precache-manifest.51835e810a61f7834773abd330b21ca6.js",
  "service-worker.js": "https://credit-service.dev.bkjk.com/admin/service-worker.js",
  "static/css/byj.a569b026.css.map": "https://credit-service.dev.bkjk.com/admin/static/css/byj.a569b026.css.map"
}