{
  "title": "贝用金",
  "byj.css": "https://credit-service.dev.bkjk.com/admin/static/css/byj.78a461dc.css",
  "byj.js": "https://credit-service.dev.bkjk.com/admin/static/js/byj.a2edffc2.js",
  "byj.js.map": "https://credit-service.dev.bkjk.com/admin/static/js/byj.a2edffc2.js.map",
  "index.html": "https://credit-service.dev.bkjk.com/admin/index.html",
  "precache-manifest.676f283d372ee755f7ba77870b204cb5.js": "https://credit-service.dev.bkjk.com/admin/precache-manifest.676f283d372ee755f7ba77870b204cb5.js",
  "service-worker.js": "https://credit-service.dev.bkjk.com/admin/service-worker.js",
  "static/css/byj.78a461dc.css.map": "https://credit-service.dev.bkjk.com/admin/static/css/byj.78a461dc.css.map"
}