{
  "title": "贝用金",
  "byj.css": "https://credit-service.dev.bkjk.com/admin/static/css/byj.eeccc4a9.css",
  "byj.js": "https://credit-service.dev.bkjk.com/admin/static/js/byj.fc206fb4.js",
  "byj.js.map": "https://credit-service.dev.bkjk.com/admin/static/js/byj.fc206fb4.js.map",
  "index.html": "https://credit-service.dev.bkjk.com/admin/index.html",
  "precache-manifest.596a30d2e86e9fd4603f7a9ef371ef99.js": "https://credit-service.dev.bkjk.com/admin/precache-manifest.596a30d2e86e9fd4603f7a9ef371ef99.js",
  "service-worker.js": "https://credit-service.dev.bkjk.com/admin/service-worker.js",
  "static/css/byj.eeccc4a9.css.map": "https://credit-service.dev.bkjk.com/admin/static/css/byj.eeccc4a9.css.map"
}