{
  "title": "byj",
  "byj.css": "http://credit-service.test.bkjk.com/adminstatic/css/byj.42a34f5d.css",
  "byj.js": "http://credit-service.test.bkjk.com/adminstatic/js/byj.bdb3a6ea.js",
  "byj.js.map": "http://credit-service.test.bkjk.com/adminstatic/js/byj.bdb3a6ea.js.map",
  "index.html": "http://credit-service.test.bkjk.com/adminindex.html",
  "precache-manifest.a88e733c7e6ef6523c8216891b0ddc81.js": "http://credit-service.test.bkjk.com/adminprecache-manifest.a88e733c7e6ef6523c8216891b0ddc81.js",
  "service-worker.js": "http://credit-service.test.bkjk.com/adminservice-worker.js",
  "static/css/byj.42a34f5d.css.map": "http://credit-service.test.bkjk.com/adminstatic/css/byj.42a34f5d.css.map"
}