{
  "title": "贝用金",
  "byj.css": "https://credit-service.dev.bkjk.com/admin/static/css/byj.1fe915ef.css",
  "byj.js": "https://credit-service.dev.bkjk.com/admin/static/js/byj.56ef0361.js",
  "byj.js.map": "https://credit-service.dev.bkjk.com/admin/static/js/byj.56ef0361.js.map",
  "index.html": "https://credit-service.dev.bkjk.com/admin/index.html",
  "precache-manifest.a60e73a88873181b2b59e37de7018cf8.js": "https://credit-service.dev.bkjk.com/admin/precache-manifest.a60e73a88873181b2b59e37de7018cf8.js",
  "service-worker.js": "https://credit-service.dev.bkjk.com/admin/service-worker.js",
  "static/css/byj.1fe915ef.css.map": "https://credit-service.dev.bkjk.com/admin/static/css/byj.1fe915ef.css.map"
}