{
  "title": "贝用金",
  "byj.css": "https://credit-service.dev.bkjk.com/admin/static/css/byj.21868bc8.css",
  "byj.js": "https://credit-service.dev.bkjk.com/admin/static/js/byj.ad67f24f.js",
  "byj.js.map": "https://credit-service.dev.bkjk.com/admin/static/js/byj.ad67f24f.js.map",
  "index.html": "https://credit-service.dev.bkjk.com/admin/index.html",
  "precache-manifest.fc5004400338ff4c1534b951af8e8c37.js": "https://credit-service.dev.bkjk.com/admin/precache-manifest.fc5004400338ff4c1534b951af8e8c37.js",
  "service-worker.js": "https://credit-service.dev.bkjk.com/admin/service-worker.js",
  "static/css/byj.21868bc8.css.map": "https://credit-service.dev.bkjk.com/admin/static/css/byj.21868bc8.css.map"
}