{
  "title": "贝用金",
  "byj.css": "https://credit-service.dev.bkjk.com/admin/static/css/byj.850b58b9.css",
  "byj.js": "https://credit-service.dev.bkjk.com/admin/static/js/byj.e578e782.js",
  "byj.js.map": "https://credit-service.dev.bkjk.com/admin/static/js/byj.e578e782.js.map",
  "index.html": "https://credit-service.dev.bkjk.com/admin/index.html",
  "precache-manifest.022b71714be8751357bc2a2f75f09dfd.js": "https://credit-service.dev.bkjk.com/admin/precache-manifest.022b71714be8751357bc2a2f75f09dfd.js",
  "service-worker.js": "https://credit-service.dev.bkjk.com/admin/service-worker.js",
  "static/css/byj.850b58b9.css.map": "https://credit-service.dev.bkjk.com/admin/static/css/byj.850b58b9.css.map"
}