{
  "title": "贝用金",
  "byj.css": "https://credit-service.dev.bkjk.com/admin/static/css/byj.21868bc8.css",
  "byj.js": "https://credit-service.dev.bkjk.com/admin/static/js/byj.779f8e7a.js",
  "byj.js.map": "https://credit-service.dev.bkjk.com/admin/static/js/byj.779f8e7a.js.map",
  "index.html": "https://credit-service.dev.bkjk.com/admin/index.html",
  "precache-manifest.7e2ac5c8b9ac42db75195ffa4765680c.js": "https://credit-service.dev.bkjk.com/admin/precache-manifest.7e2ac5c8b9ac42db75195ffa4765680c.js",
  "service-worker.js": "https://credit-service.dev.bkjk.com/admin/service-worker.js",
  "static/css/byj.21868bc8.css.map": "https://credit-service.dev.bkjk.com/admin/static/css/byj.21868bc8.css.map"
}