{
  "title": "贝用金",
  "byj.css": "https://credit-service.dev.bkjk.com/admin/static/css/byj.1fe915ef.css",
  "byj.js": "https://credit-service.dev.bkjk.com/admin/static/js/byj.dcd4b04c.js",
  "byj.js.map": "https://credit-service.dev.bkjk.com/admin/static/js/byj.dcd4b04c.js.map",
  "index.html": "https://credit-service.dev.bkjk.com/admin/index.html",
  "precache-manifest.82f4bb009292a25564a3996b8732ab38.js": "https://credit-service.dev.bkjk.com/admin/precache-manifest.82f4bb009292a25564a3996b8732ab38.js",
  "service-worker.js": "https://credit-service.dev.bkjk.com/admin/service-worker.js",
  "static/css/byj.1fe915ef.css.map": "https://credit-service.dev.bkjk.com/admin/static/css/byj.1fe915ef.css.map"
}