{
  "title": "贝用金",
  "byj.css": "https://credit-service.dev.bkjk.com/admin/static/css/byj.48c6a51a.css",
  "byj.js": "https://credit-service.dev.bkjk.com/admin/static/js/byj.b570b787.js",
  "byj.js.map": "https://credit-service.dev.bkjk.com/admin/static/js/byj.b570b787.js.map",
  "index.html": "https://credit-service.dev.bkjk.com/admin/index.html",
  "precache-manifest.349e7a4d72a78869f58b83fdb1ca9c22.js": "https://credit-service.dev.bkjk.com/admin/precache-manifest.349e7a4d72a78869f58b83fdb1ca9c22.js",
  "service-worker.js": "https://credit-service.dev.bkjk.com/admin/service-worker.js",
  "static/css/byj.48c6a51a.css.map": "https://credit-service.dev.bkjk.com/admin/static/css/byj.48c6a51a.css.map"
}