{
  "title": "贝用金",
  "byj.css": "https://credit-service.dev.bkjk.com/admin/static/css/byj.42a34f5d.css",
  "byj.js": "https://credit-service.dev.bkjk.com/admin/static/js/byj.4a731c53.js",
  "byj.js.map": "https://credit-service.dev.bkjk.com/admin/static/js/byj.4a731c53.js.map",
  "index.html": "https://credit-service.dev.bkjk.com/admin/index.html",
  "precache-manifest.938dd611877c05059f0d729d6eac55cb.js": "https://credit-service.dev.bkjk.com/admin/precache-manifest.938dd611877c05059f0d729d6eac55cb.js",
  "service-worker.js": "https://credit-service.dev.bkjk.com/admin/service-worker.js",
  "static/css/byj.42a34f5d.css.map": "https://credit-service.dev.bkjk.com/admin/static/css/byj.42a34f5d.css.map"
}