{
  "title": "贝用金",
  "byj.css": "https://credit-service.dev.bkjk.com/admin/static/css/byj.21868bc8.css",
  "byj.js": "https://credit-service.dev.bkjk.com/admin/static/js/byj.021c734f.js",
  "byj.js.map": "https://credit-service.dev.bkjk.com/admin/static/js/byj.021c734f.js.map",
  "index.html": "https://credit-service.dev.bkjk.com/admin/index.html",
  "precache-manifest.eefcf789bf1d7ac083ed368dca36436e.js": "https://credit-service.dev.bkjk.com/admin/precache-manifest.eefcf789bf1d7ac083ed368dca36436e.js",
  "service-worker.js": "https://credit-service.dev.bkjk.com/admin/service-worker.js",
  "static/css/byj.21868bc8.css.map": "https://credit-service.dev.bkjk.com/admin/static/css/byj.21868bc8.css.map"
}