{
  "title": "贝用金",
  "byj.css": "https://credit-service.dev.bkjk.com/admin/static/css/byj.a569b026.css",
  "byj.js": "https://credit-service.dev.bkjk.com/admin/static/js/byj.d31f9d65.js",
  "byj.js.map": "https://credit-service.dev.bkjk.com/admin/static/js/byj.d31f9d65.js.map",
  "index.html": "https://credit-service.dev.bkjk.com/admin/index.html",
  "precache-manifest.1717e19cbc32d9b6d4f21a35ca0240eb.js": "https://credit-service.dev.bkjk.com/admin/precache-manifest.1717e19cbc32d9b6d4f21a35ca0240eb.js",
  "service-worker.js": "https://credit-service.dev.bkjk.com/admin/service-worker.js",
  "static/css/byj.a569b026.css.map": "https://credit-service.dev.bkjk.com/admin/static/css/byj.a569b026.css.map"
}