{
  "title": "贝用金",
  "byj.css": "https://credit-service.dev.bkjk.com/admin/static/css/byj.850b58b9.css",
  "byj.js": "https://credit-service.dev.bkjk.com/admin/static/js/byj.d1f80486.js",
  "byj.js.map": "https://credit-service.dev.bkjk.com/admin/static/js/byj.d1f80486.js.map",
  "index.html": "https://credit-service.dev.bkjk.com/admin/index.html",
  "precache-manifest.7cdc4b05d2df26e3a996caf0535aa1d4.js": "https://credit-service.dev.bkjk.com/admin/precache-manifest.7cdc4b05d2df26e3a996caf0535aa1d4.js",
  "service-worker.js": "https://credit-service.dev.bkjk.com/admin/service-worker.js",
  "static/css/byj.850b58b9.css.map": "https://credit-service.dev.bkjk.com/admin/static/css/byj.850b58b9.css.map"
}