{
  "title": "贝用金",
  "byj.css": "https://credit-service.dev.bkjk.com/admin/static/css/byj.a569b026.css",
  "byj.js": "https://credit-service.dev.bkjk.com/admin/static/js/byj.b978d006.js",
  "byj.js.map": "https://credit-service.dev.bkjk.com/admin/static/js/byj.b978d006.js.map",
  "index.html": "https://credit-service.dev.bkjk.com/admin/index.html",
  "precache-manifest.9985d6f391ceaa91984f11047f5e27ce.js": "https://credit-service.dev.bkjk.com/admin/precache-manifest.9985d6f391ceaa91984f11047f5e27ce.js",
  "service-worker.js": "https://credit-service.dev.bkjk.com/admin/service-worker.js",
  "static/css/byj.a569b026.css.map": "https://credit-service.dev.bkjk.com/admin/static/css/byj.a569b026.css.map"
}