{
  "title": "贝用金",
  "byj.css": "https://credit-service.dev.bkjk.com/admin/static/css/byj.42a34f5d.css",
  "byj.js": "https://credit-service.dev.bkjk.com/admin/static/js/byj.d75a439a.js",
  "byj.js.map": "https://credit-service.dev.bkjk.com/admin/static/js/byj.d75a439a.js.map",
  "index.html": "https://credit-service.dev.bkjk.com/admin/index.html",
  "precache-manifest.71487ec7e4ba2552df22fcbc13b5f13a.js": "https://credit-service.dev.bkjk.com/admin/precache-manifest.71487ec7e4ba2552df22fcbc13b5f13a.js",
  "service-worker.js": "https://credit-service.dev.bkjk.com/admin/service-worker.js",
  "static/css/byj.42a34f5d.css.map": "https://credit-service.dev.bkjk.com/admin/static/css/byj.42a34f5d.css.map"
}