{
  "title": "贝用金",
  "byj.css": "http://credit-service.dev.bkjk.com/admin/static/css/byj.42a34f5d.css",
  "byj.js": "http://credit-service.dev.bkjk.com/admin/static/js/byj.d3ac61dd.js",
  "byj.js.map": "http://credit-service.dev.bkjk.com/admin/static/js/byj.d3ac61dd.js.map",
  "index.html": "http://credit-service.dev.bkjk.com/admin/index.html",
  "precache-manifest.e502ca91a70f3862b5afaf0be6252a63.js": "http://credit-service.dev.bkjk.com/admin/precache-manifest.e502ca91a70f3862b5afaf0be6252a63.js",
  "service-worker.js": "http://credit-service.dev.bkjk.com/admin/service-worker.js",
  "static/css/byj.42a34f5d.css.map": "http://credit-service.dev.bkjk.com/admin/static/css/byj.42a34f5d.css.map"
}