{
  "title": "贝分期税费贷",
  "bcl.css": "https://credit-service.test.bkjk.com/admin-bcl/static/css/bcl.ac8e90c7.css",
  "bcl.js": "https://credit-service.test.bkjk.com/admin-bcl/static/js/bcl.f318143d.js",
  "bcl.js.map": "https://credit-service.test.bkjk.com/admin-bcl/static/js/bcl.f318143d.js.map",
  "index.html": "https://credit-service.test.bkjk.com/admin-bcl/index.html",
  "precache-manifest.72051370e8dab19cc345a39c6b36383a.js": "https://credit-service.test.bkjk.com/admin-bcl/precache-manifest.72051370e8dab19cc345a39c6b36383a.js",
  "service-worker.js": "https://credit-service.test.bkjk.com/admin-bcl/service-worker.js",
  "static/css/bcl.ac8e90c7.css.map": "https://credit-service.test.bkjk.com/admin-bcl/static/css/bcl.ac8e90c7.css.map"
}