{
  "title": "贝分期税费贷",
  "bcl.css": "https://credit-service.dev.bkjk.com/admin-bcl/static/css/bcl.68a3ff39.css",
  "bcl.js": "https://credit-service.dev.bkjk.com/admin-bcl/static/js/bcl.b37f688e.js",
  "bcl.js.map": "https://credit-service.dev.bkjk.com/admin-bcl/static/js/bcl.b37f688e.js.map",
  "index.html": "https://credit-service.dev.bkjk.com/admin-bcl/index.html",
  "precache-manifest.addc4725b7e7ecaedbd143307e6f79d9.js": "https://credit-service.dev.bkjk.com/admin-bcl/precache-manifest.addc4725b7e7ecaedbd143307e6f79d9.js",
  "service-worker.js": "https://credit-service.dev.bkjk.com/admin-bcl/service-worker.js",
  "static/css/bcl.68a3ff39.css.map": "https://credit-service.dev.bkjk.com/admin-bcl/static/css/bcl.68a3ff39.css.map"
}