{
  "title": "贝分期税费贷",
  "bcl.css": "https://credit-service.dev.bkjk.com/admin-bcl/static/css/bcl.ac8e90c7.css",
  "bcl.js": "https://credit-service.dev.bkjk.com/admin-bcl/static/js/bcl.14b5fada.js",
  "bcl.js.map": "https://credit-service.dev.bkjk.com/admin-bcl/static/js/bcl.14b5fada.js.map",
  "index.html": "https://credit-service.dev.bkjk.com/admin-bcl/index.html",
  "precache-manifest.5f77fa639355a2888355193b5a1eb730.js": "https://credit-service.dev.bkjk.com/admin-bcl/precache-manifest.5f77fa639355a2888355193b5a1eb730.js",
  "service-worker.js": "https://credit-service.dev.bkjk.com/admin-bcl/service-worker.js",
  "static/css/bcl.ac8e90c7.css.map": "https://credit-service.dev.bkjk.com/admin-bcl/static/css/bcl.ac8e90c7.css.map"
}