{
  "title": "贝分期税费贷",
  "bcl.css": "https://credit-service.dev.bkjk.com/admin-bcl/static/css/bcl.ac8e90c7.css",
  "bcl.js": "https://credit-service.dev.bkjk.com/admin-bcl/static/js/bcl.749c0395.js",
  "bcl.js.map": "https://credit-service.dev.bkjk.com/admin-bcl/static/js/bcl.749c0395.js.map",
  "index.html": "https://credit-service.dev.bkjk.com/admin-bcl/index.html",
  "precache-manifest.53b21a0a323cc319cac42064e9f12182.js": "https://credit-service.dev.bkjk.com/admin-bcl/precache-manifest.53b21a0a323cc319cac42064e9f12182.js",
  "service-worker.js": "https://credit-service.dev.bkjk.com/admin-bcl/service-worker.js",
  "static/css/bcl.ac8e90c7.css.map": "https://credit-service.dev.bkjk.com/admin-bcl/static/css/bcl.ac8e90c7.css.map"
}