{
  "title": "贝分期税费贷",
  "bcl.css": "https://credit-service.bkjk.com/admin-bcl/static/css/bcl.09998816.css",
  "bcl.js": "https://credit-service.bkjk.com/admin-bcl/static/js/bcl.013e0292.js",
  "index.html": "https://credit-service.bkjk.com/admin-bcl/index.html",
  "precache-manifest.96727daab5e1282930f5423caf014533.js": "https://credit-service.bkjk.com/admin-bcl/precache-manifest.96727daab5e1282930f5423caf014533.js",
  "service-worker.js": "https://credit-service.bkjk.com/admin-bcl/service-worker.js"
}