{
  "title": "贝分期税费贷",
  "bcl.css": "https://credit-service.dev.bkjk.com/admin-bcl/static/css/bcl.1231a5ef.css",
  "bcl.js": "https://credit-service.dev.bkjk.com/admin-bcl/static/js/bcl.d5178d2f.js",
  "bcl.js.map": "https://credit-service.dev.bkjk.com/admin-bcl/static/js/bcl.d5178d2f.js.map",
  "index.html": "https://credit-service.dev.bkjk.com/admin-bcl/index.html",
  "precache-manifest.e012238f7e7d9657131de633ba6f9113.js": "https://credit-service.dev.bkjk.com/admin-bcl/precache-manifest.e012238f7e7d9657131de633ba6f9113.js",
  "service-worker.js": "https://credit-service.dev.bkjk.com/admin-bcl/service-worker.js",
  "static/css/bcl.1231a5ef.css.map": "https://credit-service.dev.bkjk.com/admin-bcl/static/css/bcl.1231a5ef.css.map"
}