{
  "title": "贝分期税费贷",
  "bcl.css": "https://credit-service.dev.bkjk.com/admin-bcl/static/css/bcl.f2457b60.css",
  "bcl.js": "https://credit-service.dev.bkjk.com/admin-bcl/static/js/bcl.1f11f242.js",
  "bcl.js.map": "https://credit-service.dev.bkjk.com/admin-bcl/static/js/bcl.1f11f242.js.map",
  "index.html": "https://credit-service.dev.bkjk.com/admin-bcl/index.html",
  "precache-manifest.2695a0eaf2a3bf418f3f325982b20db5.js": "https://credit-service.dev.bkjk.com/admin-bcl/precache-manifest.2695a0eaf2a3bf418f3f325982b20db5.js",
  "service-worker.js": "https://credit-service.dev.bkjk.com/admin-bcl/service-worker.js",
  "static/css/bcl.f2457b60.css.map": "https://credit-service.dev.bkjk.com/admin-bcl/static/css/bcl.f2457b60.css.map"
}