{
  "title": "贝分期税费贷",
  "bcl.css": "https://credit-service.dev.bkjk.com/admin-bcl/static/css/bcl.ce8be968.css",
  "bcl.js": "https://credit-service.dev.bkjk.com/admin-bcl/static/js/bcl.7ee7c06b.js",
  "bcl.js.map": "https://credit-service.dev.bkjk.com/admin-bcl/static/js/bcl.7ee7c06b.js.map",
  "index.html": "https://credit-service.dev.bkjk.com/admin-bcl/index.html",
  "precache-manifest.2a86f3be1b6d7f2ff2a4f2e247c3dbb1.js": "https://credit-service.dev.bkjk.com/admin-bcl/precache-manifest.2a86f3be1b6d7f2ff2a4f2e247c3dbb1.js",
  "service-worker.js": "https://credit-service.dev.bkjk.com/admin-bcl/service-worker.js",
  "static/css/bcl.ce8be968.css.map": "https://credit-service.dev.bkjk.com/admin-bcl/static/css/bcl.ce8be968.css.map"
}