{
  "title": "贝分期税费贷",
  "bcl.css": "https://credit-service.dev.bkjk.com/admin-bcl/static/css/bcl.56046efd.css",
  "bcl.js": "https://credit-service.dev.bkjk.com/admin-bcl/static/js/bcl.762b8e12.js",
  "bcl.js.map": "https://credit-service.dev.bkjk.com/admin-bcl/static/js/bcl.762b8e12.js.map",
  "index.html": "https://credit-service.dev.bkjk.com/admin-bcl/index.html",
  "precache-manifest.497e0289262f7c0c834b2b6903960427.js": "https://credit-service.dev.bkjk.com/admin-bcl/precache-manifest.497e0289262f7c0c834b2b6903960427.js",
  "service-worker.js": "https://credit-service.dev.bkjk.com/admin-bcl/service-worker.js",
  "static/css/bcl.56046efd.css.map": "https://credit-service.dev.bkjk.com/admin-bcl/static/css/bcl.56046efd.css.map"
}